{"cameraMode":{"drawMode":0,"name":"Shaded","section":"Shading Mode"},"sceneLighting":true,"audioPlay":false,"sceneViewState":{"showFog":false,"showMaterialUpdate":false,"showSkybox":false,"showFlares":false,"showImageEffects":false,"showParticleSystems":false},"in2DMode":false,"pivot":{"x":38.8117561340332,"y":-4.666133880615234,"z":-9.557937622070313},"rotation":{"x":-0.056946247816085818,"y":-0.772275447845459,"z":0.06993509083986283,"w":-0.6288536190986633},"size":41.790374755859378,"orthographic":false}